Nome File,Elevazione
Come da PGI,37.200000000000003
9002_J.002_028_PE_UR_M3_01_00,37.200000000000003

