Nome File,Elevazione
9002_J.002_028_PE_UR_M3_01_00,37.200000000000003
9nnn_J.002_028_PE_ST_M3_04_00,37.200000000000003