Nome File,Angolo Nord Reale
9002_J.002_028_PE_UR_M3_01_00,-25.149999999999999
9nnn_J.002_028_PE_IM_M3_01_00_dissociato,-25.149999999999999