Nome File,Angolo Nord Reale
Come da PGI,-25.149999999999999
9002_J.002_028_PE_UR_M3_01_00,-25.149999999999999